{"train/grad_norm":5.672061443328857,"train/learning_rate":0.0001871794871794872,"_timestamp":1.745391031835223e+09,"_wandb":{"runtime":674},"train/epoch":0.37037037037037035,"train/global_step":10,"_runtime":633.005823236,"train/loss":1.9927,"_step":0}