{"train/loss":2.0295,"train/grad_norm":7.750087738037109,"train/learning_rate":0.00019745222929936306,"train/epoch":0.18518518518518517,"_timestamp":1.7453879484757905e+09,"train/global_step":10,"_runtime":487.430221301,"_wandb":{"runtime":493},"_step":0}