{"train/learning_rate":7.692307692307694e-06,"train/grad_norm":3.6062850952148438,"eval/steps_per_second":0.255,"eval/runtime":47.0561,"_runtime":1741.42562135,"train/global_step":81,"eval/loss":1.6165540218353271,"eval/samples_per_second":2.019,"train_runtime":1681.4238,"train_samples_per_second":1.54,"_step":16,"train/loss":0.6025,"eval/perplexity":5.5185752064e+10,"train/epoch":3,"_timestamp":1.745395677945749e+09,"total_flos":2.2684974478000128e+17,"_wandb":{"runtime":1742},"train_steps_per_second":0.048,"train_loss":1.0498447168020555}