{"eval/samples_per_second":2.459,"eval/steps_per_second":0.307,"eval/runtime":39.0326,"_wandb":{"runtime":2336},"train/learning_rate":7.692307692307694e-06,"train/global_step":81,"_runtime":2335.663390253,"train/grad_norm":2.791707754135132,"train_loss":1.0710061560442419,"train/loss":0.618,"train_samples_per_second":1.112,"train_steps_per_second":0.035,"total_flos":1.1329344148340736e+17,"_step":16,"train/epoch":3,"eval/loss":1.5323587656021118,"eval/perplexity":9.4135189504e+10,"_timestamp":1.7453943494787643e+09,"train_runtime":2324.6949}