{"train/epoch":0.18518518518518517,"train/learning_rate":0.0001961783439490446,"train/grad_norm":7.543986797332764,"_runtime":1969.3076272,"train/global_step":10,"_wandb":{"runtime":3020},"_step":0,"_timestamp":1.7452995114454293e+09,"train/loss":2.0504}